user;password;permission;name
bkucsera;admin;admin;Admin
user1;fQ99fG;standard;User1
user2;zZ3RxB;standard;User2
user3;Fd3aNa;standard;User3
user4;oZZ4Yh;standard;User4
user5;g5GlWb;standard;User5
user6;myZ0Bv;standard;User6
user7;T5OKjE;standard;User7
user8;XgW5m6;standard;User8
user9;NhI6KA;standard;User9
user10;dM9NBB;standard;User10
user11;Fy9F1w;standard;User11
user12;fRu00T;standard;User12
user13;ijE9AA;standard;User13
user14;V7Lntz;standard;User14
user15;K1lHGb;standard;User15
user16;P6Fq4m;standard;User16
user17;lZS4xb;standard;User17
user18;Vwf76p;standard;User18
user19;eo3mII;standard;User19
user20;b2U67h;standard;User20
user21;R7sjI9;standard;User21
user22;Xnl87X;standard;User22
user23;ft5mYo;standard;User23
user24;Nkrf0v;standard;User24
user25;IZkg56;standard;User25
user26;iTe6Fp;standard;User26
user27;zTS1uO;standard;User27
user28;iYI9ai;standard;User28
user29;nyL0YT;standard;User29
user30;Ey0HMG;standard;User30
user31;p4RLy1;standard;User31
user32;jf1EXY;standard;User32
user33;cNWs4w;standard;User33
user34;lI0HwJ;standard;User34
user35;NmL1oB;standard;User35
user36;t7Ms6n;standard;User36
user37;l9PInk;standard;User37
user38;gvHw4g;standard;User38
user39;y8loPt;standard;User39
user40;Jco8w6;standard;User40
user41;g3YrCv;standard;User41
user42;d66sPF;standard;User42
user43;TgCa3W;standard;User43
user44;Mv4aGz;standard;User44
user45;V5iVBm;standard;User45
user46;tV81qs;standard;User46
user47;OF06ov;standard;User47
user48;hUl20T;standard;User48
user49;e3KfOF;standard;User49
user50;zw9aBf;standard;User50
user51;ygj4KM;standard;User51
user52;Xtmn6B;standard;User52
user53;eO2zXE;standard;User53
user54;OQxh8H;standard;User54
user55;YLp4NZ;standard;User55
user56;Zn6wbT;standard;User56
user57;z4CbLf;standard;User57
user58;O19XzQ;standard;User58
user59;AlL5zO;standard;User59
user60;vhr3Y1;standard;User60
user61;rd5TZu;standard;User61
user62;gQ7Lcx;standard;User62
user63;OW7r4o;standard;User63
user64;CVla8j;standard;User64
user65;ntqP0x;standard;User65
user66;X5oo4v;standard;User66
user67;sV9jUL;standard;User67
user68;eF7MWj;standard;User68
user69;rM0uHB;standard;User69
user70;m51Tf6;standard;User70
user71;LUWn8J;standard;User71
user72;Krxx5j;standard;User72
user73;i7yK76;standard;User73
user74;y4aQeS;standard;User74
user75;s5YQJG;standard;User75
user76;GIH3aA;standard;User76
user77;IZLa5F;standard;User77
user78;yI82PJ;standard;User78
user79;Oj5ODK;standard;User79
user80;bk40Yx;standard;User80
user81;fUD5Th;standard;User81
user82;Fr9iD6;standard;User82
user83;V1WXpl;standard;User83
user84;Ej25bJ;standard;User84
user85;wPq0QZ;standard;User85
user86;du0U0z;standard;User86
user87;z1eCYA;standard;User87
user88;Lo9q96;standard;User88
user89;KJ1qWm;standard;User89
user90;Flr77g;standard;User90
user91;OTqf8h;standard;User91
user92;WEbz5r;standard;User92
user93;r4JZ7L;standard;User93
user94;uJW23P;standard;User94
user95;Iz8ktz;standard;User95
user96;xgm8OY;standard;User96
user97;eVVw9N;standard;User97
user98;Wn8Yeg;standard;User98
user99;feJU6j;standard;User99
user100;KAkN3L;standard;User100
user101;o22Owf;standard;User101
user102;oUiF1c;standard;User102
user103;AUrO3B;standard;User103
user104;Wu1i7M;standard;User104
user105;Jdx22j;standard;User105
user106;FRl4wh;standard;User106
user107;pA9IyG;standard;User107
user108;H2nS7o;standard;User108
user109;F5Rd8f;standard;User109
user110;phH2fF;standard;User110
user111;MZ1tFP;standard;User111
user112;mmEZ4L;standard;User112
user113;GR59nc;standard;User113
user114;EtuP0j;standard;User114
user115;SfB1VI;standard;User115
user116;lmd1MK;standard;User116
user117;i8Xx1L;standard;User117
user118;XAgl2i;standard;User118
user119;fLx8DG;standard;User119
user120;H8M3nV;standard;User120
user121;xYn6Dw;standard;User121
user122;oZ0z3W;standard;User122
user123;uZKn9R;standard;User123
user124;tTiM43;standard;User124
user125;T1AiEK;standard;User125
user126;z8D2rY;standard;User126
user127;HcZL7F;standard;User127
user128;gPkJ6o;standard;User128
user129;xu4SRl;standard;User129
user130;q0WUiv;standard;User130
user131;gWvH6P;standard;User131
user132;sAG44m;standard;User132
user133;gQU5m4;standard;User133
user134;K1ddpN;standard;User134
user135;AE5yWg;standard;User135
user136;p03EYs;standard;User136
user137;vmZn0o;standard;User137
user138;QSmY6M;standard;User138
user139;GuJk8G;standard;User139
user140;FwE2gv;standard;User140
user141;JCN6oW;standard;User141
user142;So0Dk4;standard;User142
user143;hmx1DP;standard;User143
user144;Wi4EVD;standard;User144
user145;vS4MUi;standard;User145
user146;ZK2ZbL;standard;User146
user147;tcoK6X;standard;User147
user148;f84GhG;standard;User148
user149;Mw9A5p;standard;User149
user150;dX51ho;standard;User150
user151;nX8Vh7;standard;User151
user152;f6FHzK;standard;User152
user153;joS6BB;standard;User153
user154;TJMh2q;standard;User154
user155;Q4Kkt6;standard;User155
user156;HTRk2s;standard;User156
user157;mlN64g;standard;User157
user158;JL7huo;standard;User158
user159;Uh3ayf;standard;User159
user160;VbKD5M;standard;User160
user161;Aq4oEL;standard;User161
user162;dY28xO;standard;User162
user163;bKCC2s;standard;User163
user164;bV3B1m;standard;User164
user165;WC0Zda;standard;User165
user166;LflJ6H;standard;User166
user167;aps3H8;standard;User167
user168;oeQ49G;standard;User168
user169;Tqx0Y9;standard;User169
user170;q81Xus;standard;User170
user171;IDww4M;standard;User171
user172;gEFx6s;standard;User172
user173;An9XbT;standard;User173
user174;uE7azB;standard;User174
user175;wG7iqJ;standard;User175
user176;ByI9Gi;standard;User176
user177;bK1vSk;standard;User177
user178;dF5p6R;standard;User178
user179;KW4xaL;standard;User179
user180;z72rFZ;standard;User180
user181;KN6wAF;standard;User181
user182;PQ3Hz5;standard;User182
user183;agLK9B;standard;User183
user184;Y7Mlpn;standard;User184
user185;E4B1b0;standard;User185
user186;YO5rWe;standard;User186
user187;Ly4VxH;standard;User187
user188;n5yUiw;standard;User188
user189;t2ApH8;standard;User189
user190;uJ5VpR;standard;User190
user191;ES6wVb;standard;User191
user192;X9At9W;standard;User192
user193;Y1XehZ;standard;User193
user194;APZ3aw;standard;User194
user195;m08Tj9;standard;User195
user196;Jed5eN;standard;User196
user197;hD3YaA;standard;User197
user198;QOoG3f;standard;User198
user199;gwS70e;standard;User199
user200;JH9Zax;standard;User200
user201;vZG2fM;standard;User201
user202;aB1wWt;standard;User202
user203;Ks5Kv6;standard;User203
user204;N7tDDX;standard;User204
user205;i26Hp3;standard;User205
user206;T9Gsrd;standard;User206
user207;VcD2kb;standard;User207
user208;vW6GyV;standard;User208
user209;BWxI4k;standard;User209
user210;xfDN5D;standard;User210
user211;aS4xor;standard;User211
user212;g0fH6x;standard;User212
user213;I5Rxih;standard;User213
user214;QsR6o5;standard;User214
user215;Xe7BY2;standard;User215
user216;e1SbBI;standard;User216
user217;wr3EZg;standard;User217
user218;t0Oha8;standard;User218
user219;s2YHgn;standard;User219
user220;srQ1Gl;standard;User220
user221;w4MyN3;standard;User221
user222;MAcn5m;standard;User222
user223;I0XcHh;standard;User223
user224;l3ttTZ;standard;User224
user225;jY0TLF;standard;User225
user226;LAab5L;standard;User226
user227;Jp96OU;standard;User227
user228;BNFw9B;standard;User228
user229;W001ly;standard;User229
user230;b2e0PP;standard;User230
user231;VoO6YF;standard;User231
user232;a63QXY;standard;User232
user233;cE3v9O;standard;User233
user234;kES9wX;standard;User234
user235;ydP4rI;standard;User235
user236;r1By2F;standard;User236
user237;L3JBdP;standard;User237
user238;X4z0ev;standard;User238
user239;w57PFM;standard;User239
user240;mSD9hS;standard;User240
user241;j60Kwc;standard;User241
user242;A4h4Ry;standard;User242
user243;HpO9ZR;standard;User243
user244;pXA9sA;standard;User244
user245;xjU3ml;standard;User245
user246;zI3u8B;standard;User246
user247;NiZH6H;standard;User247
user248;Xh5B3G;standard;User248
user249;oIT0Xd;standard;User249
user250;OR6JxJ;standard;User250
user251;ZHS8rx;standard;User251
user252;x4OFPz;standard;User252
user253;ikCC2i;standard;User253
user254;eS59ZY;standard;User254
user255;n8Hkyi;standard;User255
user256;h8LhlV;standard;User256
user257;u6nBDO;standard;User257
user258;T3jvaT;standard;User258
user259;x5jOVT;standard;User259
user260;z7oAJ9;standard;User260
user261;D9fkzD;standard;User261
user262;sw7JVa;standard;User262
user263;WH3vo9;standard;User263
user264;l8RMdn;standard;User264
user265;j411MQ;standard;User265
user266;m2g2YK;standard;User266
user267;YQmO2y;standard;User267
user268;Y3pWgN;standard;User268
user269;nM79Ev;standard;User269
user270;JL3Beq;standard;User270
user271;r8CuVs;standard;User271
user272;AAd0QE;standard;User272
user273;fI2iHP;standard;User273
user274;g1mKGr;standard;User274
user275;B2sJdz;standard;User275
user276;V3xa63;standard;User276
user277;Zha2SY;standard;User277
user278;AAyN9m;standard;User278
user279;Ara5w0;standard;User279
user280;IOiE9H;standard;User280
user281;Jy1F14;standard;User281
user282;sm6wX0;standard;User282
user283;qU6gaI;standard;User283
user284;OrX2gY;standard;User284
user285;Y2Mlni;standard;User285
user286;AmLN6A;standard;User286
user287;OmZ6vi;standard;User287
user288;hI44hO;standard;User288
user289;TNnX2c;standard;User289
user290;Bm6OO4;standard;User290
user291;eWVa4C;standard;User291
user292;IXLs08;standard;User292
user293;brX9UC;standard;User293
user294;DNqq9I;standard;User294
user295;W0b1Jb;standard;User295
user296;HN8Tor;standard;User296
user297;i7P8lM;standard;User297
user298;Zp5CK2;standard;User298
user299;e4zW7m;standard;User299
user300;eL2YEc;standard;User300
user301;Esw4Ig;standard;User301
user302;Ana4PZ;standard;User302
user303;uv0nYf;standard;User303
user304;sn5oVg;standard;User304
user305;bs3Pto;standard;User305
user306;RHdT5S;standard;User306
user307;ZT9KgN;standard;User307
user308;yWC82Q;standard;User308
user309;CqfR7C;standard;User309
user310;eU1xX5;standard;User310
user311;Yt1fDv;standard;User311
user312;P8x2Ol;standard;User312
user313;yZ1qkH;standard;User313
user314;tIQE5S;standard;User314
user315;K7pbV6;standard;User315
user316;m4YE3t;standard;User316
user317;b01NKz;standard;User317
user318;Kdd2SH;standard;User318
user319;Bk74Oy;standard;User319
user320;yGH5xs;standard;User320
user321;Ri1Tc4;standard;User321
user322;MCYd3g;standard;User322
user323;iqrQ7p;standard;User323
user324;Zkp16e;standard;User324
user325;X8nIi5;standard;User325
user326;e5NiFL;standard;User326
user327;Z1trXs;standard;User327
user328;CrJ7XG;standard;User328
user329;Wfl70U;standard;User329
user330;r4nsKK;standard;User330
user331;d48NRx;standard;User331
user332;kRpb36;standard;User332
user333;SYoT4N;standard;User333
user334;ap5SMG;standard;User334
user335;js9I7X;standard;User335
user336;BxF31L;standard;User336
user337;oUn7KB;standard;User337
user338;HSXs5Q;standard;User338
user339;SZy9CW;standard;User339
user340;wHNw0w;standard;User340
user341;sM8w1i;standard;User341
user342;y0GjBm;standard;User342
user343;J96f2T;standard;User343
user344;wn1KkR;standard;User344
user345;cyEZ6j;standard;User345
user346;ROa5wJ;standard;User346
user347;bsY2Sv;standard;User347
user348;hRG2SK;standard;User348
user349;Pa7jzd;standard;User349
user350;s0yOPP;standard;User350
user351;Mqb0Rl;standard;User351
user352;svj4Du;standard;User352
user353;H5qNbH;standard;User353
user354;n0IA9N;standard;User354
user355;s9FVf5;standard;User355
user356;XYk2NS;standard;User356
user357;Wzi0cd;standard;User357
user358;E34Uia;standard;User358
user359;MAv9Wy;standard;User359
user360;fCTv4p;standard;User360
user361;Dml6Gf;standard;User361
user362;vs0NOx;standard;User362
user363;nqQ92J;standard;User363
user364;rRZ2JS;standard;User364
user365;Q5c8y5;standard;User365
user366;FGXo6x;standard;User366
user367;TsMF4H;standard;User367
user368;qw14PQ;standard;User368
user369;y3N5sj;standard;User369
user370;zVpk8T;standard;User370
user371;M2xifs;standard;User371
user372;tJJS01;standard;User372
user373;zY06Xn;standard;User373
user374;Ndr6lV;standard;User374
user375;i37gRS;standard;User375
user376;ztQ7d3;standard;User376
user377;qA1qcV;standard;User377
user378;E9vK61;standard;User378
user379;iC8i4p;standard;User379
user380;VU1jZp;standard;User380
user381;YAV9zO;standard;User381
user382;Yw8pSi;standard;User382
user383;b4H5b6;standard;User383
user384;n6BldP;standard;User384
user385;v0ASV8;standard;User385
user386;k80Qum;standard;User386
user387;TjC7hF;standard;User387
user388;jYn8K4;standard;User388
user389;G1jK9X;standard;User389
user390;i5sOvk;standard;User390
user391;H3Tg87;standard;User391
user392;Df3yNI;standard;User392
user393;f3rLim;standard;User393
user394;L5aRE2;standard;User394
user395;zTF5Cs;standard;User395
user396;F84Ks2;standard;User396
user397;oQgH4O;standard;User397
user398;EW4v88;standard;User398
user399;UVt7Sf;standard;User399
user400;cTn1Iy;standard;User400
user401;o5aYQ9;standard;User401
user402;NW6Btl;standard;User402
user403;dQ9pyo;standard;User403
user404;ypaA0v;standard;User404
user405;RFq5Uj;standard;User405
user406;EEkz9l;standard;User406
user407;HtZ5k2;standard;User407
user408;XBTp9n;standard;User408
user409;C2mHfP;standard;User409
user410;Hjg3uw;standard;User410
user411;Yz42O4;standard;User411
user412;ig4IK3;standard;User412
user413;XifM10;standard;User413
user414;VLn8c9;standard;User414
user415;JYsp64;standard;User415
user416;QD9gkw;standard;User416
user417;sF7U5g;standard;User417
user418;Qbtr99;standard;User418
user419;Q9Osa4;standard;User419
user420;n67bTK;standard;User420
user421;B4ZeOC;standard;User421
user422;D65uYA;standard;User422
user423;x6oBCf;standard;User423
user424;XN9gYT;standard;User424
user425;Lx9Dal;standard;User425
user426;Lpb56V;standard;User426
user427;hVX5bu;standard;User427
user428;k22Hlk;standard;User428
user429;nyDQ1a;standard;User429
user430;Zwfu0u;standard;User430
user431;yB8sdd;standard;User431
user432;k7T0Oa;standard;User432
user433;o0CNUR;standard;User433
user434;pYd1CW;standard;User434
user435;eQSP5I;standard;User435
user436;BbJ2pe;standard;User436
user437;g3LrEF;standard;User437
user438;s8hXSj;standard;User438
user439;YkF9zH;standard;User439
user440;y7mD7v;standard;User440
user441;OK0zZF;standard;User441
user442;HPz0bj;standard;User442
user443;kJ3DQD;standard;User443
user444;KyQr8D;standard;User444
user445;EIg0YL;standard;User445
user446;N7cjYb;standard;User446
user447;t1GdQK;standard;User447
user448;W95iFZ;standard;User448
user449;q37lNP;standard;User449
user450;kY3Cdi;standard;User450
user451;LB9j8Z;standard;User451
user452;Ex6lKP;standard;User452
user453;cSCq2e;standard;User453
user454;c1CpBe;standard;User454
user455;p0FHKE;standard;User455
user456;ZyO8zp;standard;User456
user457;K4bo2t;standard;User457
user458;kjvF9h;standard;User458
user459;Od60c6;standard;User459
user460;dx3zDq;standard;User460
user461;HI7Sfw;standard;User461
user462;KeWt8R;standard;User462
user463;Vo8Oed;standard;User463
user464;OTt1VC;standard;User464
user465;HX5sdM;standard;User465
user466;ZM9gNK;standard;User466
user467;Nytv6k;standard;User467
user468;yG4JNs;standard;User468
user469;wS4j5J;standard;User469
user470;aSW6r7;standard;User470
user471;S48q7Z;standard;User471
user472;F1PPlt;standard;User472
user473;G60dyd;standard;User473
user474;W3m5E0;standard;User474
user475;UNa0jY;standard;User475
user476;bZbC2o;standard;User476
user477;j6N9LH;standard;User477
user478;gM2z3o;standard;User478
user479;xGXQ2E;standard;User479
user480;R7UobQ;standard;User480
user481;xJ9vLY;standard;User481
user482;K3gCVC;standard;User482
user483;NK1shP;standard;User483
user484;Gv37pY;standard;User484
user485;LX1LrD;standard;User485
user486;XB1bgb;standard;User486
user487;I4j11P;standard;User487
user488;Kai5dv;standard;User488
user489;u1PQhW;standard;User489
user490;E5TMbS;standard;User490
user491;l3LV7a;standard;User491
user492;hC2r2X;standard;User492
user493;vH1yEa;standard;User493
user494;X0tEF4;standard;User494
user495;P1ykgX;standard;User495
user496;l2CZES;standard;User496
user497;cXc2KO;standard;User497
user498;tED0rR;standard;User498
user499;jYw3um;standard;User499
user500;SuI2bR;standard;User500
